{"cameraMode":{"drawMode":0,"name":"Shaded","section":"Shading Mode"},"sceneLighting":false,"audioPlay":false,"sceneViewState":{"showFog":true,"showMaterialUpdate":false,"showSkybox":true,"showFlares":true,"showImageEffects":true,"showParticleSystems":true},"in2DMode":false,"pivot":{"x":-5.615120887756348,"y":0.33100003004074099,"z":6.615928649902344},"rotation":{"x":0.28490158915519717,"y":0.0014395503094419838,"z":-0.000427243416197598,"w":0.9585556387901306},"size":1.818638801574707,"orthographic":false}