{"cameraMode":{"drawMode":0,"name":"Shaded","section":"Shading Mode"},"sceneLighting":false,"audioPlay":false,"sceneViewState":{"showFog":true,"showMaterialUpdate":false,"showSkybox":true,"showFlares":true,"showImageEffects":true,"showParticleSystems":true},"in2DMode":false,"pivot":{"x":-0.06999999284744263,"y":0.4300000071525574,"z":7.739999771118164},"rotation":{"x":0.29923930764198305,"y":0.004293858073651791,"z":-0.0013466066448017955,"w":0.9541675448417664},"size":1.4289418458938599,"orthographic":false}