{"cameraMode":{"drawMode":0,"name":"Shaded","section":"Shading Mode"},"sceneLighting":false,"audioPlay":false,"sceneViewState":{"showFog":true,"showMaterialUpdate":false,"showSkybox":true,"showFlares":true,"showImageEffects":true,"showParticleSystems":true},"in2DMode":false,"pivot":{"x":-0.36199992895126345,"y":0.12999999523162843,"z":3.7660000324249269},"rotation":{"x":0.28490158915519717,"y":0.0014395503094419838,"z":-0.000427243416197598,"w":0.9585556387901306},"size":2.9979217052459719,"orthographic":false}